<?xml version="1.0" encoding="UTF-8"?>

<!-- config.xml reference: https://build.phonegap.com/docs/config-xml -->
<widget xmlns     = "http://www.w3.org/ns/widgets"
        xmlns:gap = "http://phonegap.com/ns/1.0"
        id        = "com.phonegap.helloworld"
        version   = "1.0.0">

    <name>Hello World</name>

    <description>
        Hello World sample application that responds to the deviceready event.
    </description>

    <author href="http://phonegap.com" email="support@phonegap.com">
        PhoneGap Team
    </author>

    <!--
        If you do not want any permissions to be added to your app, add the
        following tag to your config.xml; you will still have the INTERNET
        permission on your app, which PhoneGap requires.
    -->
    <preference name="permissions"                value="none"/>

    <!-- Customize your app and platform with the preference element. -->
    <preference name="orientation"                value="default" />        <!-- all: default means both landscape and portrait are enabled -->
    <preference name="target-device"              value="universal" />      <!-- all: possible values handset, tablet, or universal -->
    <preference name="fullscreen"                 value="true" />           <!-- all: hides the status bar at the top of the screen -->
    <preference name="webviewbounce"              value="true" />           <!-- ios: control whether the screen 'bounces' when scrolled beyond the top -->
    <preference name="prerendered-icon"           value="true" />           <!-- ios: if icon is prerendered, iOS will not apply it's gloss to the app's icon on the user's home screen -->
    <preference name="stay-in-webview"            value="false" />          <!-- ios: external links should open in the default browser, 'true' would use the webview the app lives in -->
    <preference name="ios-statusbarstyle"         value="black-opaque" />   <!-- ios: black-translucent will appear black because the PhoneGap webview doesn't go beneath the status bar -->
    <preference name="detect-data-types"          value="true" />           <!-- ios: controls whether data types (such as phone no. and dates) are automatically turned into links by the system -->
    <preference name="exit-on-suspend"            value="false" />          <!-- ios: if set to true, app will terminate when home button is pressed -->
    <preference name="show-splash-screen-spinner" value="true" />           <!-- ios: if set to false, the spinner won't appear on the splash screen during app loading -->
    <preference name="auto-hide-splash-screen"    value="true" />           <!-- ios: if set to false, the splash screen must be hidden using a JavaScript API -->
    <preference name="disable-cursor"             value="false" />          <!-- blackberry: prevents a mouse-icon/cursor from being displayed on the app -->
    <preference name="android-minSdkVersion"      value="14" />              <!-- android: MIN SDK version supported on the target device. MAX version is blank by default. -->
    <preference name="android-installLocation"    value="auto" />           <!-- android: app install location. 'auto' will choose. 'internalOnly' is device memory. 'preferExternal' is SDCard. -->
    <!--
        Define a specific version of PhoneGap to build into your app.
        <preference name="phonegap-version"       value="3.5.0" />
    -->

    <!-- Plugins -->

    <!-- Core plugins -->
   
        <gap:config-file platform="ios" parent="CFBundleShortVersionString">
    <string>100</string>
    </gap:config-file>

    <!--
        Define access to external domains.

        <access />            - a blank access tag denies access to all external resources.
        <access origin="*" /> - a wildcard access tag allows access to all external resource.

        Otherwise, you can specify specific domains:

        <access origin="http://phonegap.com" />                    - allow any secure requests to http://phonegap.com/
        <access origin="http://phonegap.com" subdomains="true" />  - same as above, but including subdomains, such as http://build.phonegap.com/
        <access origin="http://phonegap.com" browserOnly="true" /> - only allows http://phonegap.com to be opened by the child browser.
    -->
    <gap:plugin name="de.appplant.cordova.plugin.hidden-statusbar-overlay" />
    <access origin="*"/>
    <!-- Added the following intents to support the removal of whitelist code from base cordova to a plugin -->
    <!-- Whitelist configuration. Refer to https://cordova.apache.org/docs/en/edge/guide_appdev_whitelist_index.md.html -->
    <plugin name="cordova-plugin-whitelist" version="1" />
    <allow-intent href="http://*/*" />
    <allow-intent href="https://*/*" />
    <allow-intent href="tel:*" />
    <allow-intent href="sms:*" />
    <allow-intent href="mailto:*" />
    <allow-intent href="geo:*" />
    <platform name="android">
        <allow-intent href="market:*" />
    </platform>
    <platform name="ios">
        <allow-intent href="itms:*" />
        <allow-intent href="itms-apps:*" />
    </platform>

</widget>
